<?xml version="1.0"?>
<testResults>
  <FitNesseVersion>v20150424</FitNesseVersion>
  <rootPath>ContenueTpPersonne</rootPath>
    <result>
    <counts>
      <right>4</right>
      <wrong>4</wrong>
      <ignores>0</ignores>
      <exceptions>0</exceptions>
    </counts>
   <runTimeInMillis>433</runTimeInMillis>
    <content>&lt;br/&gt;&lt;span class="meta"&gt;classpath: lib/*.jar&lt;/span&gt;&lt;br/&gt;&lt;table&gt;
	&lt;tr&gt;
		&lt;td&gt;dbfit.OracleTest&lt;/td&gt;
	&lt;/tr&gt;
&lt;/table&gt;
&lt;table&gt;
	&lt;tr&gt;
		&lt;td&gt;Connect&lt;/td&gt;
		&lt;td&gt;oracle.fil.univ-lille1.fr:1521&lt;/td&gt;
		&lt;td&gt;debaerdemaeker&lt;/td&gt;
		&lt;td&gt;ENC(Joo4/Jp12McepfjR7sWp5A==)&lt;/td&gt;
		&lt;td&gt;filora&lt;/td&gt;
	&lt;/tr&gt;
&lt;/table&gt;
&lt;br/&gt;&lt;table&gt;
	&lt;tr&gt;
		&lt;td&gt;query&lt;/td&gt;
		&lt;td&gt;select * from TP_Personne&lt;/td&gt;
	&lt;/tr&gt;
	&lt;tr&gt;
		&lt;td&gt;id&lt;/td&gt;
		&lt;td&gt;prenom&lt;/td&gt;
	&lt;/tr&gt;
	&lt;tr&gt;
		&lt;td class="pass"&gt;2&lt;/td&gt;
		&lt;td class="pass"&gt;Guillaume&lt;/td&gt;
	&lt;/tr&gt;
	&lt;tr&gt;
		&lt;td class="pass"&gt;3&lt;/td&gt;
		&lt;td class="pass"&gt;Jamel&lt;/td&gt;
	&lt;/tr&gt;
	&lt;tr class="fail"&gt;
		&lt;td&gt;4 &lt;span class="fit_grey"&gt; missing&lt;/span&gt;&lt;/td&gt;
		&lt;td&gt;ErreurPrenom&lt;/td&gt;
	&lt;/tr&gt;
	&lt;tr class="fail"&gt;
		&lt;td&gt;6 &lt;span class="fit_grey"&gt; missing&lt;/span&gt;&lt;/td&gt;
		&lt;td&gt;EnTrop&lt;/td&gt;
	&lt;/tr&gt;
&lt;tr&gt;
&lt;td class="fail"&gt;4 &lt;span class="fit_grey"&gt; surplus&lt;/span&gt;&lt;/td&gt;
&lt;td&gt;Audrey&lt;/td&gt;&lt;/tr&gt;
&lt;tr&gt;
&lt;td class="fail"&gt;5 &lt;span class="fit_grey"&gt; surplus&lt;/span&gt;&lt;/td&gt;
&lt;td&gt;Yolande&lt;/td&gt;&lt;/tr&gt;&lt;/table&gt;
</content>
    <relativePageName>ContenueTpPersonne</relativePageName>
          </result>
    <executionLog>
    <testSystem>fit:fit.FitServer</testSystem>
    <command>/usr/lib/jvm/java-8-oracle/bin/java -cp lib/fitnesse-20150424-standalone.jar:/home/l3miage/debaerdemaekem/dbfit/lib/javassist-3.18.2-GA.jar:/home/l3miage/debaerdemaekem/dbfit/lib/postgresql-9.3-1101-jdbc41.jar:/home/l3miage/debaerdemaekem/dbfit/lib/dbfit-core-3.2.0.jar:/home/l3miage/debaerdemaekem/dbfit/lib/hsqldb-2.3.2.jar:/home/l3miage/debaerdemaekem/dbfit/lib/reflections-0.9.9.jar:/home/l3miage/debaerdemaekem/dbfit/lib/dbfit-sqlserver-3.2.0.jar:/home/l3miage/debaerdemaekem/dbfit/lib/mysql-connector-java-5.1.36.jar:/home/l3miage/debaerdemaekem/dbfit/lib/commons-io-2.4.jar:/home/l3miage/debaerdemaekem/dbfit/lib/dbfit-derby-3.2.0.jar:/home/l3miage/debaerdemaekem/dbfit/lib/dbfit-teradata-3.2.0.jar:/home/l3miage/debaerdemaekem/dbfit/lib/commons-lang3-3.4.jar:/home/l3miage/debaerdemaekem/dbfit/lib/dbfit-db2-3.2.0.jar:/home/l3miage/debaerdemaekem/dbfit/lib/dbfit-postgres-3.2.0.jar:/home/l3miage/debaerdemaekem/dbfit/lib/dbfit-netezza-3.2.0.jar:/home/l3miage/debaerdemaekem/dbfit/lib/guava-15.0.jar:/home/l3miage/debaerdemaekem/dbfit/lib/dbfit-docs-3.2.0.jar:/home/l3miage/debaerdemaekem/dbfit/lib/fitlibrary-20091020.jar:/home/l3miage/debaerdemaekem/dbfit/lib/ojdbc6.jar:/home/l3miage/debaerdemaekem/dbfit/lib/dbfit-oracle-3.2.0.jar:/home/l3miage/debaerdemaekem/dbfit/lib/dbfit-mysql-3.2.0.jar:/home/l3miage/debaerdemaekem/dbfit/lib/annotations-2.0.1.jar:/home/l3miage/debaerdemaekem/dbfit/lib/fitnesse-20150424-standalone.jar:/home/l3miage/debaerdemaekem/dbfit/lib/commons-codec-1.10.jar:/home/l3miage/debaerdemaekem/dbfit/lib/dbfit-hsqldb-3.2.0.jar fit.FitServer a11p17 33311 3863</command>
    <exitCode>4</exitCode>
    <stdOut></stdOut>    <stdErr></stdErr>  </executionLog>
  <finalCounts>
    <right>0</right>
    <wrong>1</wrong>
    <ignores>0</ignores>
    <exceptions>0</exceptions>
  </finalCounts>
  <totalRunTimeInMillis>1095</totalRunTimeInMillis>
</testResults>

