<?xml version="1.0"?>
<testResults>
  <FitNesseVersion>v20150424</FitNesseVersion>
  <rootPath>PRODUIT_RAPIDO.deleteProduct</rootPath>
    <result>
    <counts>
      <right>0</right>
      <wrong>4</wrong>
      <ignores>0</ignores>
      <exceptions>2</exceptions>
    </counts>
   <runTimeInMillis>542</runTimeInMillis>
    <content>&lt;br/&gt;&lt;span class="meta"&gt;classpath: lib/*.jar&lt;/span&gt;&lt;br/&gt;&lt;table&gt;
	&lt;tr&gt;
		&lt;td&gt;dbfit.OracleTest&lt;/td&gt;
	&lt;/tr&gt;
&lt;/table&gt;
&lt;table&gt;
	&lt;tr&gt;
		&lt;td&gt;Connect&lt;/td&gt;
		&lt;td&gt;oracle.fil.univ-lille1.fr:1521&lt;/td&gt;
		&lt;td&gt;debaerdemaeker&lt;/td&gt;
		&lt;td&gt;ENC(Joo4/Jp12McepfjR7sWp5A==)&lt;/td&gt;
		&lt;td&gt;filora&lt;/td&gt;
	&lt;/tr&gt;
&lt;/table&gt;
&lt;br/&gt;&lt;table&gt;
	&lt;tr&gt;
		&lt;td&gt;execute procedure&lt;/td&gt;
		&lt;td colspan="4"&gt;PAQ_PRODUITS.addProduct&lt;/td&gt;
	&lt;/tr&gt;
	&lt;tr&gt;
		&lt;td class="error"&gt;s_ref?&lt;hr&gt;&lt;pre&gt;&lt;div class="fit_stacktrace"&gt;java.sql.SQLException: Cannot find parameter "s_ref"
	at dbfit.api.DbStoredProcedure.findAccessorForParamWithName(DbStoredProcedure.java:51)
	at dbfit.api.DbStoredProcedure.getDbParameterAccessor(DbStoredProcedure.java:32)
	at dbfit.fixture.DbObjectExecutionFixture.getAccessors(DbObjectExecutionFixture.java:121)
	at dbfit.fixture.DbObjectExecutionFixture.getAccessors(DbObjectExecutionFixture.java:108)
	at dbfit.fixture.DbObjectExecutionFixture.doRows(DbObjectExecutionFixture.java:71)
	at fit.Fixture.doTable(Fixture.java:156)
	at fitlibrary.traverse.AlienTraverseHandler.doTable(AlienTraverseHandler.java:21)
	at fitlibrary.traverse.workflow.DoTraverseInterpreter.interpretWholeTable(DoTraverseInterpreter.java:104)
	at fitlibrary.traverse.workflow.DoTraverseInterpreter.interpretWholeTable(DoTraverseInterpreter.java:89)
	at fitlibrary.DoFixture.interpretWholeTable(DoFixture.java:73)
	at fitlibrary.suite.InFlowPageRunner.run(InFlowPageRunner.java:27)
	at fitlibrary.DoFixture.interpretTables(DoFixture.java:42)
	at dbfit.DatabaseTest.interpretTables(DatabaseTest.java:26)
	at fit.Fixture.doTables(Fixture.java:81)
	at fit.FitServer.process(FitServer.java:81)
	at fit.FitServer.run(FitServer.java:56)
	at fit.FitServer.main(FitServer.java:41)
&lt;/div&gt;&lt;/pre&gt;&lt;/td&gt;
		&lt;td&gt;nom&lt;/td&gt;
		&lt;td&gt;prix&lt;/td&gt;
		&lt;td&gt;taille&lt;/td&gt;
		&lt;td&gt;categ&lt;/td&gt;
	&lt;/tr&gt;
	&lt;tr&gt;
		&lt;td&gt;&amp;gt;&amp;gt;simple&lt;/td&gt;
		&lt;td&gt;pomme&lt;/td&gt;
		&lt;td&gt;1&lt;/td&gt;
		&lt;td&gt;petit&lt;/td&gt;
		&lt;td&gt;dessert&lt;/td&gt;
	&lt;/tr&gt;
&lt;/table&gt;
&lt;br/&gt;&lt;table&gt;
	&lt;tr&gt;
		&lt;td&gt;query&lt;/td&gt;
		&lt;td&gt;select count(*) as nb_produit from produit_rapido&lt;/td&gt;
	&lt;/tr&gt;
	&lt;tr&gt;
		&lt;td colspan="2"&gt;nb_produit&lt;/td&gt;
	&lt;/tr&gt;
	&lt;tr class="fail"&gt;
		&lt;td colspan="2"&gt;2 &lt;span class="fit_grey"&gt; missing&lt;/span&gt;&lt;/td&gt;
	&lt;/tr&gt;
&lt;tr&gt;
&lt;td class="fail"&gt;3 &lt;span class="fit_grey"&gt; surplus&lt;/span&gt;&lt;/td&gt;&lt;/tr&gt;&lt;/table&gt;
&lt;br/&gt;&lt;table&gt;
	&lt;tr&gt;
		&lt;td&gt;execute procedure&lt;/td&gt;
		&lt;td&gt;PAQ_PRODUITS.removeProduct&lt;/td&gt;
	&lt;/tr&gt;
	&lt;tr&gt;
		&lt;td colspan="2" class="error"&gt;s_ref&lt;hr&gt;&lt;pre&gt;&lt;div class="fit_stacktrace"&gt;java.sql.SQLException: ORA-20111: 
ORA-06512: à "DEBAERDEMAEKER.PAQ_PRODUITS", ligne 24
ORA-06512: à ligne 1

	at oracle.jdbc.driver.T4CTTIoer.processError(T4CTTIoer.java:447)
	at oracle.jdbc.driver.T4CTTIoer.processError(T4CTTIoer.java:396)
	at oracle.jdbc.driver.T4C8Oall.processError(T4C8Oall.java:951)
	at oracle.jdbc.driver.T4CTTIfun.receive(T4CTTIfun.java:513)
	at oracle.jdbc.driver.T4CTTIfun.doRPC(T4CTTIfun.java:227)
	at oracle.jdbc.driver.T4C8Oall.doOALL(T4C8Oall.java:531)
	at oracle.jdbc.driver.T4CCallableStatement.doOall8(T4CCallableStatement.java:205)
	at oracle.jdbc.driver.T4CCallableStatement.executeForRows(T4CCallableStatement.java:1043)
	at oracle.jdbc.driver.OracleStatement.doExecuteWithTimeout(OracleStatement.java:1336)
	at oracle.jdbc.driver.OraclePreparedStatement.executeInternal(OraclePreparedStatement.java:3613)
	at oracle.jdbc.driver.OraclePreparedStatement.execute(OraclePreparedStatement.java:3714)
	at oracle.jdbc.driver.OracleCallableStatement.execute(OracleCallableStatement.java:4755)
	at oracle.jdbc.driver.OraclePreparedStatementWrapper.execute(OraclePreparedStatementWrapper.java:1378)
	at dbfit.fixture.StatementExecution.run(StatementExecution.java:24)
	at dbfit.fixture.DbObjectExecutionFixture.executeStatementAndEvaluateOutputs(DbObjectExecutionFixture.java:184)
	at dbfit.fixture.DbObjectExecutionFixture.runRow(DbObjectExecutionFixture.java:155)
	at dbfit.fixture.DbObjectExecutionFixture.doRows(DbObjectExecutionFixture.java:79)
	at fit.Fixture.doTable(Fixture.java:156)
	at fitlibrary.traverse.AlienTraverseHandler.doTable(AlienTraverseHandler.java:21)
	at fitlibrary.traverse.workflow.DoTraverseInterpreter.interpretWholeTable(DoTraverseInterpreter.java:104)
	at fitlibrary.traverse.workflow.DoTraverseInterpreter.interpretWholeTable(DoTraverseInterpreter.java:89)
	at fitlibrary.DoFixture.interpretWholeTable(DoFixture.java:73)
	at fitlibrary.suite.InFlowPageRunner.run(InFlowPageRunner.java:27)
	at fitlibrary.DoFixture.interpretTables(DoFixture.java:42)
	at dbfit.DatabaseTest.interpretTables(DatabaseTest.java:26)
	at fit.Fixture.doTables(Fixture.java:81)
	at fit.FitServer.process(FitServer.java:81)
	at fit.FitServer.run(FitServer.java:56)
	at fit.FitServer.main(FitServer.java:41)
&lt;/div&gt;&lt;/pre&gt;&lt;/td&gt;
	&lt;/tr&gt;
	&lt;tr&gt;
		&lt;td colspan="2"&gt;&amp;lt;&amp;lt;simple &lt;span class="fit_grey"&gt; = null&lt;/span&gt;&lt;/td&gt;
	&lt;/tr&gt;
&lt;/table&gt;
&lt;br/&gt;&lt;table&gt;
	&lt;tr&gt;
		&lt;td&gt;query&lt;/td&gt;
		&lt;td&gt;select count(*) as nb_produit from produit_rapido&lt;/td&gt;
	&lt;/tr&gt;
	&lt;tr&gt;
		&lt;td colspan="2"&gt;nb_produit&lt;/td&gt;
	&lt;/tr&gt;
	&lt;tr class="fail"&gt;
		&lt;td colspan="2"&gt;1 &lt;span class="fit_grey"&gt; missing&lt;/span&gt;&lt;/td&gt;
	&lt;/tr&gt;
&lt;tr&gt;
&lt;td class="fail"&gt;3 &lt;span class="fit_grey"&gt; surplus&lt;/span&gt;&lt;/td&gt;&lt;/tr&gt;&lt;/table&gt;
</content>
    <relativePageName>deleteProduct</relativePageName>
          </result>
    <executionLog>
    <testSystem>fit:fit.FitServer</testSystem>
    <command>/usr/lib/jvm/java-8-oracle/bin/java -cp lib/fitnesse-20150424-standalone.jar:/home/l3miage/debaerdemaekem/dbfit/lib/javassist-3.18.2-GA.jar:/home/l3miage/debaerdemaekem/dbfit/lib/postgresql-9.3-1101-jdbc41.jar:/home/l3miage/debaerdemaekem/dbfit/lib/dbfit-core-3.2.0.jar:/home/l3miage/debaerdemaekem/dbfit/lib/hsqldb-2.3.2.jar:/home/l3miage/debaerdemaekem/dbfit/lib/reflections-0.9.9.jar:/home/l3miage/debaerdemaekem/dbfit/lib/dbfit-sqlserver-3.2.0.jar:/home/l3miage/debaerdemaekem/dbfit/lib/mysql-connector-java-5.1.36.jar:/home/l3miage/debaerdemaekem/dbfit/lib/commons-io-2.4.jar:/home/l3miage/debaerdemaekem/dbfit/lib/dbfit-derby-3.2.0.jar:/home/l3miage/debaerdemaekem/dbfit/lib/dbfit-teradata-3.2.0.jar:/home/l3miage/debaerdemaekem/dbfit/lib/commons-lang3-3.4.jar:/home/l3miage/debaerdemaekem/dbfit/lib/dbfit-db2-3.2.0.jar:/home/l3miage/debaerdemaekem/dbfit/lib/dbfit-postgres-3.2.0.jar:/home/l3miage/debaerdemaekem/dbfit/lib/dbfit-netezza-3.2.0.jar:/home/l3miage/debaerdemaekem/dbfit/lib/guava-15.0.jar:/home/l3miage/debaerdemaekem/dbfit/lib/dbfit-docs-3.2.0.jar:/home/l3miage/debaerdemaekem/dbfit/lib/fitlibrary-20091020.jar:/home/l3miage/debaerdemaekem/dbfit/lib/ojdbc6.jar:/home/l3miage/debaerdemaekem/dbfit/lib/dbfit-oracle-3.2.0.jar:/home/l3miage/debaerdemaekem/dbfit/lib/dbfit-mysql-3.2.0.jar:/home/l3miage/debaerdemaekem/dbfit/lib/annotations-2.0.1.jar:/home/l3miage/debaerdemaekem/dbfit/lib/fitnesse-20150424-standalone.jar:/home/l3miage/debaerdemaekem/dbfit/lib/commons-codec-1.10.jar:/home/l3miage/debaerdemaekem/dbfit/lib/dbfit-hsqldb-3.2.0.jar fit.FitServer a10p7 40934 3863</command>
    <exitCode>6</exitCode>
    <stdOut></stdOut>    <stdErr>java.sql.SQLException: Cannot find parameter "s_ref"
	at dbfit.api.DbStoredProcedure.findAccessorForParamWithName(DbStoredProcedure.java:51)
	at dbfit.api.DbStoredProcedure.getDbParameterAccessor(DbStoredProcedure.java:32)
	at dbfit.fixture.DbObjectExecutionFixture.getAccessors(DbObjectExecutionFixture.java:121)
	at dbfit.fixture.DbObjectExecutionFixture.getAccessors(DbObjectExecutionFixture.java:108)
	at dbfit.fixture.DbObjectExecutionFixture.doRows(DbObjectExecutionFixture.java:71)
	at fit.Fixture.doTable(Fixture.java:156)
	at fitlibrary.traverse.AlienTraverseHandler.doTable(AlienTraverseHandler.java:21)
	at fitlibrary.traverse.workflow.DoTraverseInterpreter.interpretWholeTable(DoTraverseInterpreter.java:104)
	at fitlibrary.traverse.workflow.DoTraverseInterpreter.interpretWholeTable(DoTraverseInterpreter.java:89)
	at fitlibrary.DoFixture.interpretWholeTable(DoFixture.java:73)
	at fitlibrary.suite.InFlowPageRunner.run(InFlowPageRunner.java:27)
	at fitlibrary.DoFixture.interpretTables(DoFixture.java:42)
	at dbfit.DatabaseTest.interpretTables(DatabaseTest.java:26)
	at fit.Fixture.doTables(Fixture.java:81)
	at fit.FitServer.process(FitServer.java:81)
	at fit.FitServer.run(FitServer.java:56)
	at fit.FitServer.main(FitServer.java:41)
java.sql.SQLException: ORA-20111: 
ORA-06512: à "DEBAERDEMAEKER.PAQ_PRODUITS", ligne 24
ORA-06512: à ligne 1

	at oracle.jdbc.driver.T4CTTIoer.processError(T4CTTIoer.java:447)
	at oracle.jdbc.driver.T4CTTIoer.processError(T4CTTIoer.java:396)
	at oracle.jdbc.driver.T4C8Oall.processError(T4C8Oall.java:951)
	at oracle.jdbc.driver.T4CTTIfun.receive(T4CTTIfun.java:513)
	at oracle.jdbc.driver.T4CTTIfun.doRPC(T4CTTIfun.java:227)
	at oracle.jdbc.driver.T4C8Oall.doOALL(T4C8Oall.java:531)
	at oracle.jdbc.driver.T4CCallableStatement.doOall8(T4CCallableStatement.java:205)
	at oracle.jdbc.driver.T4CCallableStatement.executeForRows(T4CCallableStatement.java:1043)
	at oracle.jdbc.driver.OracleStatement.doExecuteWithTimeout(OracleStatement.java:1336)
	at oracle.jdbc.driver.OraclePreparedStatement.executeInternal(OraclePreparedStatement.java:3613)
	at oracle.jdbc.driver.OraclePreparedStatement.execute(OraclePreparedStatement.java:3714)
	at oracle.jdbc.driver.OracleCallableStatement.execute(OracleCallableStatement.java:4755)
	at oracle.jdbc.driver.OraclePreparedStatementWrapper.execute(OraclePreparedStatementWrapper.java:1378)
	at dbfit.fixture.StatementExecution.run(StatementExecution.java:24)
	at dbfit.fixture.DbObjectExecutionFixture.executeStatementAndEvaluateOutputs(DbObjectExecutionFixture.java:184)
	at dbfit.fixture.DbObjectExecutionFixture.runRow(DbObjectExecutionFixture.java:155)
	at dbfit.fixture.DbObjectExecutionFixture.doRows(DbObjectExecutionFixture.java:79)
	at fit.Fixture.doTable(Fixture.java:156)
	at fitlibrary.traverse.AlienTraverseHandler.doTable(AlienTraverseHandler.java:21)
	at fitlibrary.traverse.workflow.DoTraverseInterpreter.interpretWholeTable(DoTraverseInterpreter.java:104)
	at fitlibrary.traverse.workflow.DoTraverseInterpreter.interpretWholeTable(DoTraverseInterpreter.java:89)
	at fitlibrary.DoFixture.interpretWholeTable(DoFixture.java:73)
	at fitlibrary.suite.InFlowPageRunner.run(InFlowPageRunner.java:27)
	at fitlibrary.DoFixture.interpretTables(DoFixture.java:42)
	at dbfit.DatabaseTest.interpretTables(DatabaseTest.java:26)
	at fit.Fixture.doTables(Fixture.java:81)
	at fit.FitServer.process(FitServer.java:81)
	at fit.FitServer.run(FitServer.java:56)
	at fit.FitServer.main(FitServer.java:41)
</stdErr>  </executionLog>
  <finalCounts>
    <right>0</right>
    <wrong>1</wrong>
    <ignores>0</ignores>
    <exceptions>0</exceptions>
  </finalCounts>
  <totalRunTimeInMillis>1137</totalRunTimeInMillis>
</testResults>

