<?xml version="1.0"?>
<testResults>
  <FitNesseVersion>v20150424</FitNesseVersion>
  <rootPath>PRODUIT_RAPIDO.ajouterProduitMenu</rootPath>
    <result>
    <counts>
      <right>0</right>
      <wrong>0</wrong>
      <ignores>5</ignores>
      <exceptions>4</exceptions>
    </counts>
   <runTimeInMillis>3</runTimeInMillis>
    <content>&lt;br/&gt;&lt;br/&gt;&lt;br/&gt;&lt;span class="meta"&gt;classpath: lib/*.jar&lt;/span&gt;&lt;br/&gt;&lt;br/&gt;&lt;table&gt;
	&lt;tr&gt;
		&lt;td colspan="5"&gt;dbfit.OracleTest&lt;/td&gt;
	&lt;/tr&gt;
	&lt;tr&gt;
		&lt;td class="ignore"&gt;Connect&lt;/td&gt;
		&lt;td class="ignore"&gt;oracle.fil.univ-lille1.fr:1521&lt;/td&gt;
		&lt;td class="ignore"&gt;debaerdemaeker&lt;/td&gt;
		&lt;td class="ignore"&gt;ENC(Joo4/Jp12McepfjR7sWp5A==)&lt;/td&gt;
		&lt;td class="ignore"&gt;filora&lt;/td&gt;
	&lt;/tr&gt;
&lt;/table&gt;
&lt;br/&gt;&lt;table&gt;
	&lt;tr&gt;
		&lt;td&gt;execute procedure&lt;/td&gt;
		&lt;td colspan="4"&gt;PAQ_PRODUITS.addProduct&lt;/td&gt;
	&lt;/tr&gt;
	&lt;tr&gt;
		&lt;td class="error"&gt;s_ref?&lt;hr&gt;&lt;pre&gt;&lt;div class="fit_stacktrace"&gt;java.lang.NullPointerException
	at dbfit.environment.OracleEnvironment.openDbCallWithParameters(OracleEnvironment.java:379)
	at dbfit.environment.OracleEnvironment.readIntoParams(OracleEnvironment.java:357)
	at dbfit.environment.OracleEnvironment.readIntoParams(OracleEnvironment.java:373)
	at dbfit.environment.OracleEnvironment.getAllProcedureParameters(OracleEnvironment.java:309)
	at dbfit.api.DbStoredProcedure.getAllParams(DbStoredProcedure.java:57)
	at dbfit.api.DbStoredProcedure.findAccessorForParamWithName(DbStoredProcedure.java:49)
	at dbfit.api.DbStoredProcedure.getDbParameterAccessor(DbStoredProcedure.java:32)
	at dbfit.fixture.DbObjectExecutionFixture.getAccessors(DbObjectExecutionFixture.java:121)
	at dbfit.fixture.DbObjectExecutionFixture.getAccessors(DbObjectExecutionFixture.java:108)
	at dbfit.fixture.DbObjectExecutionFixture.doRows(DbObjectExecutionFixture.java:71)
	at fit.Fixture.doTable(Fixture.java:156)
	at fitlibrary.traverse.AlienTraverseHandler.doTable(AlienTraverseHandler.java:21)
	at fitlibrary.traverse.workflow.DoTraverseInterpreter.interpretWholeTable(DoTraverseInterpreter.java:104)
	at fitlibrary.traverse.workflow.DoTraverseInterpreter.interpretWholeTable(DoTraverseInterpreter.java:89)
	at fitlibrary.DoFixture.interpretWholeTable(DoFixture.java:73)
	at fitlibrary.suite.InFlowPageRunner.run(InFlowPageRunner.java:27)
	at fitlibrary.DoFixture.interpretTables(DoFixture.java:42)
	at dbfit.DatabaseTest.interpretTables(DatabaseTest.java:26)
	at fit.Fixture.doTables(Fixture.java:81)
	at fit.FitServer.process(FitServer.java:81)
	at fit.FitServer.run(FitServer.java:56)
	at fit.FitServer.main(FitServer.java:41)
&lt;/div&gt;&lt;/pre&gt;&lt;/td&gt;
		&lt;td&gt;nom&lt;/td&gt;
		&lt;td&gt;prix&lt;/td&gt;
		&lt;td&gt;taille&lt;/td&gt;
		&lt;td&gt;categ&lt;/td&gt;
	&lt;/tr&gt;
	&lt;tr&gt;
		&lt;td&gt;&amp;gt;&amp;gt;simple&lt;/td&gt;
		&lt;td&gt;pomme&lt;/td&gt;
		&lt;td&gt;1&lt;/td&gt;
		&lt;td&gt;petit&lt;/td&gt;
		&lt;td&gt;dessert&lt;/td&gt;
	&lt;/tr&gt;
&lt;/table&gt;
&lt;br/&gt;&lt;table&gt;
	&lt;tr&gt;
		&lt;td&gt;execute procedure&lt;/td&gt;
		&lt;td colspan="3"&gt;PAQ_PRODUITS.addMenu&lt;/td&gt;
	&lt;/tr&gt;
	&lt;tr&gt;
		&lt;td class="error"&gt;m_ref?&lt;hr&gt;&lt;pre&gt;&lt;div class="fit_stacktrace"&gt;java.lang.NullPointerException
	at dbfit.environment.OracleEnvironment.openDbCallWithParameters(OracleEnvironment.java:379)
	at dbfit.environment.OracleEnvironment.readIntoParams(OracleEnvironment.java:357)
	at dbfit.environment.OracleEnvironment.readIntoParams(OracleEnvironment.java:373)
	at dbfit.environment.OracleEnvironment.getAllProcedureParameters(OracleEnvironment.java:309)
	at dbfit.api.DbStoredProcedure.getAllParams(DbStoredProcedure.java:57)
	at dbfit.api.DbStoredProcedure.findAccessorForParamWithName(DbStoredProcedure.java:49)
	at dbfit.api.DbStoredProcedure.getDbParameterAccessor(DbStoredProcedure.java:32)
	at dbfit.fixture.DbObjectExecutionFixture.getAccessors(DbObjectExecutionFixture.java:121)
	at dbfit.fixture.DbObjectExecutionFixture.getAccessors(DbObjectExecutionFixture.java:108)
	at dbfit.fixture.DbObjectExecutionFixture.doRows(DbObjectExecutionFixture.java:71)
	at fit.Fixture.doTable(Fixture.java:156)
	at fitlibrary.traverse.AlienTraverseHandler.doTable(AlienTraverseHandler.java:21)
	at fitlibrary.traverse.workflow.DoTraverseInterpreter.interpretWholeTable(DoTraverseInterpreter.java:104)
	at fitlibrary.traverse.workflow.DoTraverseInterpreter.interpretWholeTable(DoTraverseInterpreter.java:89)
	at fitlibrary.DoFixture.interpretWholeTable(DoFixture.java:73)
	at fitlibrary.suite.InFlowPageRunner.run(InFlowPageRunner.java:27)
	at fitlibrary.DoFixture.interpretTables(DoFixture.java:42)
	at dbfit.DatabaseTest.interpretTables(DatabaseTest.java:26)
	at fit.Fixture.doTables(Fixture.java:81)
	at fit.FitServer.process(FitServer.java:81)
	at fit.FitServer.run(FitServer.java:56)
	at fit.FitServer.main(FitServer.java:41)
&lt;/div&gt;&lt;/pre&gt;&lt;/td&gt;
		&lt;td&gt;nom&lt;/td&gt;
		&lt;td&gt;prix&lt;/td&gt;
		&lt;td&gt;taille&lt;/td&gt;
	&lt;/tr&gt;
	&lt;tr&gt;
		&lt;td&gt;&amp;gt;&amp;gt;menu&lt;/td&gt;
		&lt;td&gt;banane&lt;/td&gt;
		&lt;td&gt;2&lt;/td&gt;
		&lt;td&gt;petit&lt;/td&gt;
	&lt;/tr&gt;
&lt;/table&gt;
&lt;br/&gt;&lt;table&gt;
	&lt;tr&gt;
		&lt;td&gt;execute procedure&lt;/td&gt;
		&lt;td&gt;PAQ_PRODUITS.ajouterProduitSimpleMenu&lt;/td&gt;
	&lt;/tr&gt;
	&lt;tr&gt;
		&lt;td class="error"&gt;ref_ps&lt;hr&gt;&lt;pre&gt;&lt;div class="fit_stacktrace"&gt;java.lang.NullPointerException
	at dbfit.environment.OracleEnvironment.openDbCallWithParameters(OracleEnvironment.java:379)
	at dbfit.environment.OracleEnvironment.readIntoParams(OracleEnvironment.java:357)
	at dbfit.environment.OracleEnvironment.readIntoParams(OracleEnvironment.java:373)
	at dbfit.environment.OracleEnvironment.getAllProcedureParameters(OracleEnvironment.java:309)
	at dbfit.api.DbStoredProcedure.getAllParams(DbStoredProcedure.java:57)
	at dbfit.api.DbStoredProcedure.findAccessorForParamWithName(DbStoredProcedure.java:49)
	at dbfit.api.DbStoredProcedure.getDbParameterAccessor(DbStoredProcedure.java:32)
	at dbfit.fixture.DbObjectExecutionFixture.getAccessors(DbObjectExecutionFixture.java:121)
	at dbfit.fixture.DbObjectExecutionFixture.getAccessors(DbObjectExecutionFixture.java:108)
	at dbfit.fixture.DbObjectExecutionFixture.doRows(DbObjectExecutionFixture.java:71)
	at fit.Fixture.doTable(Fixture.java:156)
	at fitlibrary.traverse.AlienTraverseHandler.doTable(AlienTraverseHandler.java:21)
	at fitlibrary.traverse.workflow.DoTraverseInterpreter.interpretWholeTable(DoTraverseInterpreter.java:104)
	at fitlibrary.traverse.workflow.DoTraverseInterpreter.interpretWholeTable(DoTraverseInterpreter.java:89)
	at fitlibrary.DoFixture.interpretWholeTable(DoFixture.java:73)
	at fitlibrary.suite.InFlowPageRunner.run(InFlowPageRunner.java:27)
	at fitlibrary.DoFixture.interpretTables(DoFixture.java:42)
	at dbfit.DatabaseTest.interpretTables(DatabaseTest.java:26)
	at fit.Fixture.doTables(Fixture.java:81)
	at fit.FitServer.process(FitServer.java:81)
	at fit.FitServer.run(FitServer.java:56)
	at fit.FitServer.main(FitServer.java:41)
&lt;/div&gt;&lt;/pre&gt;&lt;/td&gt;
		&lt;td&gt;ref_menu&lt;/td&gt;
	&lt;/tr&gt;
	&lt;tr&gt;
		&lt;td&gt;&amp;lt;&amp;lt;simple&lt;/td&gt;
		&lt;td&gt;&amp;lt;&amp;lt;menu&lt;/td&gt;
	&lt;/tr&gt;
&lt;/table&gt;
&lt;br/&gt;&lt;table&gt;
	&lt;tr&gt;
		&lt;td class="error"&gt;query&lt;hr&gt;&lt;pre&gt;&lt;div class="fit_stacktrace"&gt;java.lang.IllegalArgumentException: No open connection to a database is available. Make sure your database is running and that you have connected before performing any queries.
	at dbfit.api.AbstractDbEnvironment.checkConnectionValid(AbstractDbEnvironment.java:237)
	at dbfit.api.AbstractDbEnvironment.getConnection(AbstractDbEnvironment.java:162)
	at dbfit.api.AbstractDbEnvironment.createStatementWithBoundFixtureSymbols(AbstractDbEnvironment.java:108)
	at dbfit.fixture.Query.getDataTable(Query.java:43)
	at dbfit.fixture.RowSetFixture.doRows(RowSetFixture.java:92)
	at fit.Fixture.doTable(Fixture.java:156)
	at fitlibrary.traverse.AlienTraverseHandler.doTable(AlienTraverseHandler.java:21)
	at fitlibrary.traverse.workflow.DoTraverseInterpreter.interpretWholeTable(DoTraverseInterpreter.java:104)
	at fitlibrary.traverse.workflow.DoTraverseInterpreter.interpretWholeTable(DoTraverseInterpreter.java:89)
	at fitlibrary.DoFixture.interpretWholeTable(DoFixture.java:73)
	at fitlibrary.suite.InFlowPageRunner.run(InFlowPageRunner.java:27)
	at fitlibrary.DoFixture.interpretTables(DoFixture.java:42)
	at dbfit.DatabaseTest.interpretTables(DatabaseTest.java:26)
	at fit.Fixture.doTables(Fixture.java:81)
	at fit.FitServer.process(FitServer.java:81)
	at fit.FitServer.run(FitServer.java:56)
	at fit.FitServer.main(FitServer.java:41)
&lt;/div&gt;&lt;/pre&gt;&lt;/td&gt;
		&lt;td&gt;select ref_menu, ref_simple from constitue&lt;/td&gt;
	&lt;/tr&gt;
	&lt;tr&gt;
		&lt;td&gt;ref_menu&lt;/td&gt;
		&lt;td&gt;ref_simple&lt;/td&gt;
	&lt;/tr&gt;
	&lt;tr&gt;
		&lt;td&gt;&amp;lt;&amp;lt;simple&lt;/td&gt;
		&lt;td&gt;&amp;lt;&amp;lt;menu&lt;/td&gt;
	&lt;/tr&gt;
&lt;/table&gt;
</content>
    <relativePageName>ajouterProduitMenu</relativePageName>
          </result>
    <executionLog>
    <testSystem>fit:fit.FitServer</testSystem>
    <command>/usr/lib/jvm/java-8-oracle/bin/java -cp lib/fitnesse-20150424-standalone.jar:/home/l3miage/debaerdemaekem/dbfit/lib/javassist-3.18.2-GA.jar:/home/l3miage/debaerdemaekem/dbfit/lib/postgresql-9.3-1101-jdbc41.jar:/home/l3miage/debaerdemaekem/dbfit/lib/dbfit-core-3.2.0.jar:/home/l3miage/debaerdemaekem/dbfit/lib/hsqldb-2.3.2.jar:/home/l3miage/debaerdemaekem/dbfit/lib/reflections-0.9.9.jar:/home/l3miage/debaerdemaekem/dbfit/lib/dbfit-sqlserver-3.2.0.jar:/home/l3miage/debaerdemaekem/dbfit/lib/mysql-connector-java-5.1.36.jar:/home/l3miage/debaerdemaekem/dbfit/lib/commons-io-2.4.jar:/home/l3miage/debaerdemaekem/dbfit/lib/dbfit-derby-3.2.0.jar:/home/l3miage/debaerdemaekem/dbfit/lib/dbfit-teradata-3.2.0.jar:/home/l3miage/debaerdemaekem/dbfit/lib/commons-lang3-3.4.jar:/home/l3miage/debaerdemaekem/dbfit/lib/dbfit-db2-3.2.0.jar:/home/l3miage/debaerdemaekem/dbfit/lib/dbfit-postgres-3.2.0.jar:/home/l3miage/debaerdemaekem/dbfit/lib/dbfit-netezza-3.2.0.jar:/home/l3miage/debaerdemaekem/dbfit/lib/guava-15.0.jar:/home/l3miage/debaerdemaekem/dbfit/lib/dbfit-docs-3.2.0.jar:/home/l3miage/debaerdemaekem/dbfit/lib/fitlibrary-20091020.jar:/home/l3miage/debaerdemaekem/dbfit/lib/ojdbc6.jar:/home/l3miage/debaerdemaekem/dbfit/lib/dbfit-oracle-3.2.0.jar:/home/l3miage/debaerdemaekem/dbfit/lib/dbfit-mysql-3.2.0.jar:/home/l3miage/debaerdemaekem/dbfit/lib/annotations-2.0.1.jar:/home/l3miage/debaerdemaekem/dbfit/lib/fitnesse-20150424-standalone.jar:/home/l3miage/debaerdemaekem/dbfit/lib/commons-codec-1.10.jar:/home/l3miage/debaerdemaekem/dbfit/lib/dbfit-hsqldb-3.2.0.jar fit.FitServer a10p7 33853 3863</command>
    <exitCode>4</exitCode>
    <stdOut></stdOut>    <stdErr>java.lang.NullPointerException
	at dbfit.environment.OracleEnvironment.openDbCallWithParameters(OracleEnvironment.java:379)
	at dbfit.environment.OracleEnvironment.readIntoParams(OracleEnvironment.java:357)
	at dbfit.environment.OracleEnvironment.readIntoParams(OracleEnvironment.java:373)
	at dbfit.environment.OracleEnvironment.getAllProcedureParameters(OracleEnvironment.java:309)
	at dbfit.api.DbStoredProcedure.getAllParams(DbStoredProcedure.java:57)
	at dbfit.api.DbStoredProcedure.findAccessorForParamWithName(DbStoredProcedure.java:49)
	at dbfit.api.DbStoredProcedure.getDbParameterAccessor(DbStoredProcedure.java:32)
	at dbfit.fixture.DbObjectExecutionFixture.getAccessors(DbObjectExecutionFixture.java:121)
	at dbfit.fixture.DbObjectExecutionFixture.getAccessors(DbObjectExecutionFixture.java:108)
	at dbfit.fixture.DbObjectExecutionFixture.doRows(DbObjectExecutionFixture.java:71)
	at fit.Fixture.doTable(Fixture.java:156)
	at fitlibrary.traverse.AlienTraverseHandler.doTable(AlienTraverseHandler.java:21)
	at fitlibrary.traverse.workflow.DoTraverseInterpreter.interpretWholeTable(DoTraverseInterpreter.java:104)
	at fitlibrary.traverse.workflow.DoTraverseInterpreter.interpretWholeTable(DoTraverseInterpreter.java:89)
	at fitlibrary.DoFixture.interpretWholeTable(DoFixture.java:73)
	at fitlibrary.suite.InFlowPageRunner.run(InFlowPageRunner.java:27)
	at fitlibrary.DoFixture.interpretTables(DoFixture.java:42)
	at dbfit.DatabaseTest.interpretTables(DatabaseTest.java:26)
	at fit.Fixture.doTables(Fixture.java:81)
	at fit.FitServer.process(FitServer.java:81)
	at fit.FitServer.run(FitServer.java:56)
	at fit.FitServer.main(FitServer.java:41)
java.lang.NullPointerException
	at dbfit.environment.OracleEnvironment.openDbCallWithParameters(OracleEnvironment.java:379)
	at dbfit.environment.OracleEnvironment.readIntoParams(OracleEnvironment.java:357)
	at dbfit.environment.OracleEnvironment.readIntoParams(OracleEnvironment.java:373)
	at dbfit.environment.OracleEnvironment.getAllProcedureParameters(OracleEnvironment.java:309)
	at dbfit.api.DbStoredProcedure.getAllParams(DbStoredProcedure.java:57)
	at dbfit.api.DbStoredProcedure.findAccessorForParamWithName(DbStoredProcedure.java:49)
	at dbfit.api.DbStoredProcedure.getDbParameterAccessor(DbStoredProcedure.java:32)
	at dbfit.fixture.DbObjectExecutionFixture.getAccessors(DbObjectExecutionFixture.java:121)
	at dbfit.fixture.DbObjectExecutionFixture.getAccessors(DbObjectExecutionFixture.java:108)
	at dbfit.fixture.DbObjectExecutionFixture.doRows(DbObjectExecutionFixture.java:71)
	at fit.Fixture.doTable(Fixture.java:156)
	at fitlibrary.traverse.AlienTraverseHandler.doTable(AlienTraverseHandler.java:21)
	at fitlibrary.traverse.workflow.DoTraverseInterpreter.interpretWholeTable(DoTraverseInterpreter.java:104)
	at fitlibrary.traverse.workflow.DoTraverseInterpreter.interpretWholeTable(DoTraverseInterpreter.java:89)
	at fitlibrary.DoFixture.interpretWholeTable(DoFixture.java:73)
	at fitlibrary.suite.InFlowPageRunner.run(InFlowPageRunner.java:27)
	at fitlibrary.DoFixture.interpretTables(DoFixture.java:42)
	at dbfit.DatabaseTest.interpretTables(DatabaseTest.java:26)
	at fit.Fixture.doTables(Fixture.java:81)
	at fit.FitServer.process(FitServer.java:81)
	at fit.FitServer.run(FitServer.java:56)
	at fit.FitServer.main(FitServer.java:41)
java.lang.NullPointerException
	at dbfit.environment.OracleEnvironment.openDbCallWithParameters(OracleEnvironment.java:379)
	at dbfit.environment.OracleEnvironment.readIntoParams(OracleEnvironment.java:357)
	at dbfit.environment.OracleEnvironment.readIntoParams(OracleEnvironment.java:373)
	at dbfit.environment.OracleEnvironment.getAllProcedureParameters(OracleEnvironment.java:309)
	at dbfit.api.DbStoredProcedure.getAllParams(DbStoredProcedure.java:57)
	at dbfit.api.DbStoredProcedure.findAccessorForParamWithName(DbStoredProcedure.java:49)
	at dbfit.api.DbStoredProcedure.getDbParameterAccessor(DbStoredProcedure.java:32)
	at dbfit.fixture.DbObjectExecutionFixture.getAccessors(DbObjectExecutionFixture.java:121)
	at dbfit.fixture.DbObjectExecutionFixture.getAccessors(DbObjectExecutionFixture.java:108)
	at dbfit.fixture.DbObjectExecutionFixture.doRows(DbObjectExecutionFixture.java:71)
	at fit.Fixture.doTable(Fixture.java:156)
	at fitlibrary.traverse.AlienTraverseHandler.doTable(AlienTraverseHandler.java:21)
	at fitlibrary.traverse.workflow.DoTraverseInterpreter.interpretWholeTable(DoTraverseInterpreter.java:104)
	at fitlibrary.traverse.workflow.DoTraverseInterpreter.interpretWholeTable(DoTraverseInterpreter.java:89)
	at fitlibrary.DoFixture.interpretWholeTable(DoFixture.java:73)
	at fitlibrary.suite.InFlowPageRunner.run(InFlowPageRunner.java:27)
	at fitlibrary.DoFixture.interpretTables(DoFixture.java:42)
	at dbfit.DatabaseTest.interpretTables(DatabaseTest.java:26)
	at fit.Fixture.doTables(Fixture.java:81)
	at fit.FitServer.process(FitServer.java:81)
	at fit.FitServer.run(FitServer.java:56)
	at fit.FitServer.main(FitServer.java:41)
</stdErr>  </executionLog>
  <finalCounts>
    <right>0</right>
    <wrong>0</wrong>
    <ignores>0</ignores>
    <exceptions>1</exceptions>
  </finalCounts>
  <totalRunTimeInMillis>856</totalRunTimeInMillis>
</testResults>

