<?xml version="1.0"?>
<testResults>
  <FitNesseVersion>v20150424</FitNesseVersion>
  <rootPath>MonPremierTest</rootPath>
    <result>
    <counts>
      <right>0</right>
      <wrong>0</wrong>
      <ignores>0</ignores>
      <exceptions>2</exceptions>
    </counts>
   <runTimeInMillis>355</runTimeInMillis>
    <content>&lt;br/&gt;&lt;span class="meta"&gt;classpath: lib/*.jar&lt;/span&gt;&lt;br/&gt;&lt;table&gt;
	&lt;tr&gt;
		&lt;td&gt;dbfit.OracleTest&lt;/td&gt;
	&lt;/tr&gt;
&lt;/table&gt;
&lt;table&gt;
	&lt;tr&gt;
		&lt;td class="error"&gt;Connect&lt;hr&gt;&lt;pre&gt;&lt;div class="fit_stacktrace"&gt;java.sql.SQLException: ORA-01017: invalid username/password; logon denied

	at oracle.jdbc.driver.T4CTTIoer.processError(T4CTTIoer.java:447)
	at oracle.jdbc.driver.T4CTTIoer.processError(T4CTTIoer.java:389)
	at oracle.jdbc.driver.T4CTTIoer.processError(T4CTTIoer.java:382)
	at oracle.jdbc.driver.T4CTTIfun.processError(T4CTTIfun.java:675)
	at oracle.jdbc.driver.T4CTTIoauthenticate.processError(T4CTTIoauthenticate.java:448)
	at oracle.jdbc.driver.T4CTTIfun.receive(T4CTTIfun.java:513)
	at oracle.jdbc.driver.T4CTTIfun.doRPC(T4CTTIfun.java:227)
	at oracle.jdbc.driver.T4CTTIoauthenticate.doOAUTH(T4CTTIoauthenticate.java:383)
	at oracle.jdbc.driver.T4CTTIoauthenticate.doOAUTH(T4CTTIoauthenticate.java:776)
	at oracle.jdbc.driver.T4CConnection.logon(T4CConnection.java:432)
	at oracle.jdbc.driver.PhysicalConnection.&lt;init&gt;(PhysicalConnection.java:553)
	at oracle.jdbc.driver.T4CConnection.&lt;init&gt;(T4CConnection.java:254)
	at oracle.jdbc.driver.T4CDriverExtension.getConnection(T4CDriverExtension.java:32)
	at oracle.jdbc.driver.OracleDriver.connect(OracleDriver.java:528)
	at java.sql.DriverManager.getConnection(DriverManager.java:664)
	at java.sql.DriverManager.getConnection(DriverManager.java:208)
	at dbfit.api.AbstractDbEnvironment.connect(AbstractDbEnvironment.java:51)
	at dbfit.api.AbstractDbEnvironment.connect(AbstractDbEnvironment.java:78)
	at dbfit.DatabaseTest.connect(DatabaseTest.java:44)
	at sun.reflect.NativeMethodAccessorImpl.invoke0(Native Method)
	at sun.reflect.NativeMethodAccessorImpl.invoke(NativeMethodAccessorImpl.java:62)
	at sun.reflect.DelegatingMethodAccessorImpl.invoke(DelegatingMethodAccessorImpl.java:43)
	at java.lang.reflect.Method.invoke(Method.java:498)
	at fitlibrary.closure.MethodClosure.invoke(MethodClosure.java:35)
	at fitlibrary.closure.MethodClosure.invokeTyped(MethodClosure.java:28)
	at fitlibrary.closure.CalledMethodTarget.invokeTyped(CalledMethodTarget.java:77)
	at fitlibrary.closure.CalledMethodTarget.invokeTyped(CalledMethodTarget.java:95)
	at fitlibrary.closure.CalledMethodTarget.invokeAndWrap(CalledMethodTarget.java:358)
	at fitlibrary.traverse.workflow.caller.ActionCaller.run(ActionCaller.java:37)
	at fitlibrary.traverse.workflow.DoTraverseInterpreter.interpretRow(DoTraverseInterpreter.java:176)
	at fitlibrary.traverse.workflow.DoTraverseInterpreter.interpretWholeTable(DoTraverseInterpreter.java:96)
	at fitlibrary.traverse.workflow.DoTraverseInterpreter.interpretWholeTable(DoTraverseInterpreter.java:89)
	at fitlibrary.DoFixture.interpretWholeTable(DoFixture.java:73)
	at fitlibrary.suite.InFlowPageRunner.run(InFlowPageRunner.java:27)
	at fitlibrary.DoFixture.interpretTables(DoFixture.java:42)
	at dbfit.DatabaseTest.interpretTables(DatabaseTest.java:26)
	at fit.Fixture.doTables(Fixture.java:81)
	at fit.FitServer.process(FitServer.java:81)
	at fit.FitServer.run(FitServer.java:56)
	at fit.FitServer.main(FitServer.java:41)
&lt;/div&gt;&lt;/pre&gt;&lt;/td&gt;
		&lt;td&gt;oracle.fil.univ-lille1.fr:1521&lt;/td&gt;
		&lt;td&gt;debaerdemaeker&lt;/td&gt;
		&lt;td&gt;ENC(m+vF1m7lFRLpeG736qluqw==)&lt;/td&gt;
		&lt;td&gt;filora&lt;/td&gt;
	&lt;/tr&gt;
&lt;/table&gt;
&lt;table&gt;
	&lt;tr&gt;
		&lt;td class="error"&gt;query&lt;hr&gt;&lt;pre&gt;&lt;div class="fit_stacktrace"&gt;java.lang.IllegalArgumentException: No open connection to a database is available. Make sure your database is running and that you have connected before performing any queries.
	at dbfit.api.AbstractDbEnvironment.checkConnectionValid(AbstractDbEnvironment.java:237)
	at dbfit.api.AbstractDbEnvironment.getConnection(AbstractDbEnvironment.java:162)
	at dbfit.api.AbstractDbEnvironment.createStatementWithBoundFixtureSymbols(AbstractDbEnvironment.java:108)
	at dbfit.fixture.Query.getDataTable(Query.java:43)
	at dbfit.fixture.RowSetFixture.doRows(RowSetFixture.java:92)
	at fit.Fixture.doTable(Fixture.java:156)
	at fitlibrary.traverse.AlienTraverseHandler.doTable(AlienTraverseHandler.java:21)
	at fitlibrary.traverse.workflow.DoTraverseInterpreter.interpretWholeTable(DoTraverseInterpreter.java:104)
	at fitlibrary.traverse.workflow.DoTraverseInterpreter.interpretWholeTable(DoTraverseInterpreter.java:89)
	at fitlibrary.DoFixture.interpretWholeTable(DoFixture.java:73)
	at fitlibrary.suite.InFlowPageRunner.run(InFlowPageRunner.java:27)
	at fitlibrary.DoFixture.interpretTables(DoFixture.java:42)
	at dbfit.DatabaseTest.interpretTables(DatabaseTest.java:26)
	at fit.Fixture.doTables(Fixture.java:81)
	at fit.FitServer.process(FitServer.java:81)
	at fit.FitServer.run(FitServer.java:56)
	at fit.FitServer.main(FitServer.java:41)
&lt;/div&gt;&lt;/pre&gt;&lt;/td&gt;
		&lt;td&gt;select count(*) as nb from TP_Personne&lt;/td&gt;
	&lt;/tr&gt;
	&lt;tr&gt;
		&lt;td colspan="2"&gt;nb&lt;/td&gt;
	&lt;/tr&gt;
	&lt;tr&gt;
		&lt;td colspan="2"&gt;4&lt;/td&gt;
	&lt;/tr&gt;
&lt;/table&gt;
</content>
    <relativePageName>MonPremierTest</relativePageName>
          </result>
    <executionLog>
    <testSystem>fit:fit.FitServer</testSystem>
    <command>/usr/lib/jvm/java-8-oracle/bin/java -cp lib/fitnesse-20150424-standalone.jar:/home/l3miage/debaerdemaekem/dbfit/lib/javassist-3.18.2-GA.jar:/home/l3miage/debaerdemaekem/dbfit/lib/postgresql-9.3-1101-jdbc41.jar:/home/l3miage/debaerdemaekem/dbfit/lib/dbfit-core-3.2.0.jar:/home/l3miage/debaerdemaekem/dbfit/lib/hsqldb-2.3.2.jar:/home/l3miage/debaerdemaekem/dbfit/lib/reflections-0.9.9.jar:/home/l3miage/debaerdemaekem/dbfit/lib/dbfit-sqlserver-3.2.0.jar:/home/l3miage/debaerdemaekem/dbfit/lib/mysql-connector-java-5.1.36.jar:/home/l3miage/debaerdemaekem/dbfit/lib/commons-io-2.4.jar:/home/l3miage/debaerdemaekem/dbfit/lib/dbfit-derby-3.2.0.jar:/home/l3miage/debaerdemaekem/dbfit/lib/dbfit-teradata-3.2.0.jar:/home/l3miage/debaerdemaekem/dbfit/lib/commons-lang3-3.4.jar:/home/l3miage/debaerdemaekem/dbfit/lib/dbfit-db2-3.2.0.jar:/home/l3miage/debaerdemaekem/dbfit/lib/dbfit-postgres-3.2.0.jar:/home/l3miage/debaerdemaekem/dbfit/lib/dbfit-netezza-3.2.0.jar:/home/l3miage/debaerdemaekem/dbfit/lib/guava-15.0.jar:/home/l3miage/debaerdemaekem/dbfit/lib/dbfit-docs-3.2.0.jar:/home/l3miage/debaerdemaekem/dbfit/lib/fitlibrary-20091020.jar:/home/l3miage/debaerdemaekem/dbfit/lib/ojdbc6.jar:/home/l3miage/debaerdemaekem/dbfit/lib/dbfit-oracle-3.2.0.jar:/home/l3miage/debaerdemaekem/dbfit/lib/dbfit-mysql-3.2.0.jar:/home/l3miage/debaerdemaekem/dbfit/lib/annotations-2.0.1.jar:/home/l3miage/debaerdemaekem/dbfit/lib/fitnesse-20150424-standalone.jar:/home/l3miage/debaerdemaekem/dbfit/lib/commons-codec-1.10.jar:/home/l3miage/debaerdemaekem/dbfit/lib/dbfit-hsqldb-3.2.0.jar fit.FitServer a11p17 40166 3863</command>
    <exitCode>2</exitCode>
    <stdOut></stdOut>    <stdErr></stdErr>  </executionLog>
  <finalCounts>
    <right>0</right>
    <wrong>0</wrong>
    <ignores>0</ignores>
    <exceptions>1</exceptions>
  </finalCounts>
  <totalRunTimeInMillis>996</totalRunTimeInMillis>
</testResults>

